id,name,country,language,epg_id,stream_url,updated_at
fd09da05-b723-4c15-93f7-305872673888,Bumblebee TV Aurora Live,,,BumblebeeTVAuroraLive.us,https://stitcheraws.unreel.me/wse-node02.powr.com/live/5c953819932c837b49397345/playlist.m3u8,2026-01-27 23:21:50.452
596337af-7a27-4b9d-a138-ffcce6b8463b,Bumblebee TV AutoMoto,,,BumblebeeTVAutoMoto.us,https://stitcheraws.unreel.me/wse-node01.powr.com/live/5bf220fad5eeee0f5a40941a/playlist.m3u8,2026-01-27 23:21:50.452
4ab55f84-0f24-4189-a242-42cfbeb2cb79,BumblebeeTV Beaches Live,,,BumblebeeTVBeachesLive.us,https://stitcheraws.unreel.me/wse-node02.powr.com/live/5c95396f932c837b49397360/playlist.m3u8,2026-01-27 23:21:50.452
4c81aa10-d41e-4175-b0a6-ddc51bd74959,Bumblebee TV Classics 2,,,BumblebeeTVClassics2.us,https://stitcheraws.unreel.me/wse-node05.powr.com/live/60f881602da3a5575eceb854/playlist.m3u8,2026-01-27 23:21:50.452
b6c1fd62-5f67-4886-94a8-cf1d99ccf7f0,Bumblebee TV CoronaVirus.Gov,,,BumblebeeTVCoronaVirusGov.us,https://stitcheraws.unreel.me/wse-node02.powr.com/live/5e7559e8a46b495a2283c5e8/playlist.m3u8,2026-01-27 23:21:50.452
03b41518-c089-4ebf-ac08-1460dc88a6f8,Bumblebee TV Country Boy Kids Video.us,,,BumblebeeTVCountryBoyKidsVideo.us,https://stitcheraws.unreel.me/wse-node02.powr.com/live/5bf225aed5eeee0f5a4094bd/playlist.m3u8,2026-01-27 23:21:50.452
1f07fbe2-3058-45b5-89fd-61705d4955ff,Bumblebee TV Cute Zone,,,BumblebeeTVCuteZone.us,https://stitcheraws.unreel.me/wse-node02.powr.com/live/5bf22518d5eeee0f5a409486/playlist.m3u8,2026-01-27 23:21:50.452
add5b5f6-f526-4bf9-be85-900878de429b,Bumblebee TV Epic M,,,BumblebeeTVEpicM.us,https://stitcheraws.unreel.me/wse-node02.powr.com/live/5bf22225d5eeee0f5a40941d/playlist.m3u8,2026-01-27 23:21:50.452
962fdac4-ea2e-49e6-9f57-d2ea7b40db67,Bumblebee TV FGTV,,,BumblebeeTVFGTV.us,https://stitcheraws.unreel.me/wse-node02.powr.com/live/5e2624990145130f25474620/playlist.m3u8,2026-01-27 23:21:50.452
66a784eb-f1d5-41d8-96ed-6e629f96eb01,Bumblebee TV Forest Live,,,BumblebeeTVForestLive.us,https://stitcheraws.unreel.me/wse-node02.powr.com/live/5c953836932c837b49397355/playlist.m3u8,2026-01-27 23:21:50.452
801d4766-6242-476e-853c-f355756efb6f,Bumblebee TV Fun Zone,,,BumblebeeTVFunZone.us,https://stitcheraws.unreel.me/wse-node02.powr.com/live/5e2625030145130f25474622/playlist.m3u8,2026-01-27 23:21:50.452
94a5e08b-09c7-412b-85c9-f7a503ac4f76,Bumblebee TV Giggle Zone,,,BumblebeeTVGiggleZone.us,https://stitcheraws.unreel.me/wse-node02.powr.com/live/5bf22526d5eeee0f5a4094b8/playlist.m3u8,2026-01-27 23:21:50.452
12eb5fd3-2c37-4460-a895-0c60cc02b714,Bumblebee TV Lake Live,,,BumblebeeTVLakeLive.us,https://stitcheraws.unreel.me/wse-node02.powr.com/live/5c95385c932c837b49397356/playlist.m3u8,2026-01-27 23:21:50.452
740bccf0-f8e8-4eeb-a68e-d7ac0a598e93,Bumblebee TV Lego Toons,,,BumblebeeTVLegoToons.us,https://stitcheraws.unreel.me/wse-node02.powr.com/live/5bf22549d5eeee0f5a4094ba/playlist.m3u8,2026-01-27 23:21:50.452
c342721f-27e4-4ae9-9c4a-610fd91636cb,Bumblebee TV Lets Play Minecraft,,,BumblebeeTVLetsPlayMinecraft.us,https://stitcheraws.unreel.me/wse-node02.powr.com/live/5e2625700145130f25474624/playlist.m3u8,2026-01-27 23:21:50.452
c4ba400c-2b14-4f01-ad7f-aa1b32bc3ca0,Bumblebee TV LifeBae,,,BumblebeeTVLifeBae.us,https://stitcheraws.unreel.me/wse-node02.powr.com/live/5bf22681932c8304fc453418/playlist.m3u8,2026-01-27 23:21:50.452
42bbb0d0-d8b6-4496-9b7e-4ea8f3367773,Bumblebee TV Master Builder,,,BumblebeeTVMasterBuilder.us,https://stitcheraws.unreel.me/wse-node02.powr.com/live/5bf2256ed5eeee0f5a4094bb/playlist.m3u8,2026-01-27 23:21:50.452
7eb31b3a-0584-4db0-9994-739091801e5d,Bumblebee TV Mountain Live,,,BumblebeeTVMountainLive.us,https://stitcheraws.unreel.me/wse-node02.powr.com/live/5c95387b932c837b49397357/playlist.m3u8,2026-01-27 23:21:50.452
54fe3303-ab1b-418a-875b-a3a63fb26606,Bumblebee TV Now You Know,,,BumblebeeTVNowYouKnow.us,https://stitcheraws.unreel.me/wse-node01.powr.com/live/5b284f40d5eeee07522b775e/playlist.m3u8,2026-01-27 23:21:50.452
f9ebc370-1d4a-41c4-b0d1-07c7001dca3c,Bumblebee TV Recoil TV,,,BumblebeeTVRecoilTV.us,https://stitcheraws.unreel.me/wse-node02.powr.com/live/5c7dff0f932c8368bdbfd5fd/playlist.m3u8,2026-01-27 23:21:50.452
a806320b-ad69-4c58-9274-79860dd47add,Bumblebee TV Rivers Live,,,BumblebeeTVRiversLive.us,https://stitcheraws.unreel.me/wse-node02.powr.com/live/5c95388f932c837b4939735a/playlist.m3u8,2026-01-27 23:21:50.452
17493311-5c3c-4b4f-b5db-cc67ce1d648e,Bumblebee TV Smosh,,,BumblebeeTVSmosh.us,https://stitcheraws.unreel.me/wse-node02.powr.com/live/5e2625af5748670f12a3bee9/playlist.m3u8,2026-01-27 23:21:50.452
76ad42ab-fa3d-425f-a54b-d58e023af546,Bumblebee TV Sunset Live,,,BumblebeeTVSunsetLive.us,https://stitcheraws.unreel.me/wse-node02.powr.com/live/5c9538a5932c837b4939735b/playlist.m3u8,2026-01-27 23:21:50.452
0dfb3d4f-926d-4e9a-9e62-1778ae5341a4,Bumblebee TV Thinknoodles,,,BumblebeeTVThinknoodles.us,https://stitcheraws.unreel.me/wse-node04.powr.com/live/5afc8Bumblebee+TV10e932c833522744733/playlist.m3u8,2026-01-27 23:21:50.452
52b26d66-5293-4267-8c1c-2e6fe13580ce,Bumblebee TV Toy Zone,,,BumblebeeTVToyZone.us,https://stitcheraws.unreel.me/wse-node02.powr.com/live/5bf22491932c8304fc4533e4/playlist.m3u8,2026-01-27 23:21:50.452
58bf701f-3001-4d57-bf40-e8f0bb36e115,Bumblebee TV Trinity Beyond,,,BumblebeeTVTrinityBeyond.us,https://stitcheraws.unreel.me/wse-node02.powr.com/live/5e2626030145130f25474626/playlist.m3u8,2026-01-27 23:21:50.452
f33628e7-9748-42ac-8de0-88b0e679eb4b,Bumblebee TV Tropics Live,,,BumblebeeTVTropicsLive.us,https://stitcheraws.unreel.me/wse-node02.powr.com/live/5c9538b9932c837b4939735c/playlist.m3u8,2026-01-27 23:21:50.452
43335a19-4968-4af6-a73f-2d827093fc49,Dance TV,,,"",https://m1b2.worldcast.tv/dancetelevisionone/2/dancetelevisionone.m3u8,2026-01-27 23:21:50.452
d3166228-b3ec-42d2-be02-1c7290f90a12,--- |üéÅ‚≠ê ‚¨á‚Üì DELUXE PACKAGEüëç ‚Üì‚¨áü§©‚ù§Ô∏è| --- üéµüíØ,,,,http://,2026-01-27 23:31:50.197
56546059-6e5a-442d-acae-92c6e9404a87,--- |FR:üá´üá∑ FRANCE M√âTROPOLITAINE| ---,,,,https://section,2026-01-27 23:31:50.197
5f300526-807a-44c9-92b6-e0240fb29476,--- |KKTC: KUZEY KIBRIS| ---,,,,http://blank,2026-01-27 23:31:50.197
249c9866-2117-49d9-8364-13ba04979e28,--- |MA:üá≤üá¶ MAROC| ---,,,,https://blank,2026-01-27 23:31:50.197
d435de7b-d10e-4ba9-ba8a-240605982bed,MUSICPlus,,,MUSICPlus.hu,http://s02.diazol.hu:10192/stream.m3u8,2026-01-27 23:21:50.452
bea5959e-f69f-4877-9406-a4c778cf6951,üíêüÜï‚ö°üí•CHECK Input Entry Test Stream A01,,,,https://,2026-01-27 23:31:50.197
e15a0473-41e2-44e9-84dc-8e610099217b,Newstalk,,,,https://stream.audioxi.com/NT,2026-01-27 23:21:50.452
de799adb-ea28-4f6c-87c2-3de75fa49857,Radio 1 ‚ìé,,,"",https://www.youtube.com/watch?v=I8dnZoF1nOE,2026-01-27 23:21:50.452
ce3f70d4-2b16-4015-a101-e08975ed956d,üìªüé∂üì∫üé•Video Player Checker,,,,http://commondatastorage.googleapis.com/gtv-videos-bucket/sample/BigBuckBunny.mp4,2026-01-27 23:31:50.197
